account,date,extraction,gender,age,longitude,latitude,balance,amount
602667573,1/08/2018,10:48 PM,M,23,151.27,-33.76,"$8,342.11","$3,903.95"
3827517394,1/08/2018,11:31 AM,F,23,145.01,-37.93,"$2,040.58","$1,626.48"
2615038700,1/08/2018,8:38 AM,M,22,151.18,-33.8,"$3,158.51",$983.36
958000567,1/08/2018,1:55 AM,M,24,145,-37.83,"$2,517.66","$1,408.08"
1037050564,1/08/2018,12:57 AM,F,43,144.95,-37.76,"$2,271.79","$1,068.04"
602667573,1/08/2018,4:04 PM,F,26,153.41,-27.95,"$1,017.52","$1,013.67"
1443681913,1/08/2018,5:31 PM,F,34,138.52,-35.01,"$16,433.32","$3,903.73"
1650504218,1/08/2018,9:50 PM,M,26,115.78,-31.9,"$1,796.37","$1,098.91"
958000567,1/08/2018,9:07 AM,M,38,130.98,-12.49,"$50,383.16","$2,647.38"
80388494,1/08/2018,3:36 AM,F,30,145.04,-37.85,"$1,244.45","$1,158.15"
3485804958,1/08/2018,2:52 AM,M,69,144.96,-37.76,"$1,969.05","$1,043.12"
1598451071,1/08/2018,11:45 AM,F,20,150.68,-33.79,"$1,403.55","$1,395.49"
964839203,1/08/2018,3:21 AM,M,39,145.17,-37.84,"$7,094.77","$3,071.14"
2897221629,2/08/2018,5:02 PM,F,26,149.03,-34.97,"$3,907.05",$920.71
1037050564,2/08/2018,10:04 AM,M,78,145.09,-37.82,"$50,526.26",$782.42
1903037542,2/08/2018,5:31 PM,M,22,145.03,-37.88,"$2,511.50","$2,218.73"
1973887809,2/08/2018,2:52 PM,M,30,153.05,-27.61,"$1,811.47","$1,808.62"
964839203,2/08/2018,7:55 AM,M,44,145.18,-37.9,"$2,480.74",$596.33
1344825761,2/08/2018,11:31 PM,M,26,144.89,-37.69,"$6,722.85","$1,433.98"
1424176027,2/08/2018,8:38 AM,F,43,142.77,-37.06,"$1,634.77","$1,630.36"
2673069055,2/08/2018,6:00 PM,M,37,149.19,-21.15,"$1,361.79",$916.75
1349834573,2/08/2018,12:14 AM,M,22,145.03,-37.91,"$42,790.09","$3,195.01"
3827517394,2/08/2018,7:40 AM,F,35,150.62,-33.76,"$1,067.25",$725.32
182446574,3/08/2018,10:48 PM,M,38,151.27,-33.9,"$30,334.82","$1,880.95"
3771436525,3/08/2018,6:57 PM,F,20,115.79,-31.79,"$2,205.14","$1,138.79"
182446574,3/08/2018,10:48 AM,M,37,153.32,-27.93,"$1,072.04",$917.45
3326339947,3/08/2018,4:19 PM,F,21,145.06,-37.95,"$2,273.30","$2,023.68"
1523339231,3/08/2018,6:43 PM,M,52,116.02,-31.87,"$3,801.41","$3,785.78"
354106658,3/08/2018,12:00 AM,F,64,147.31,-42.88,$735.66,$576.00
4274272854,3/08/2018,7:55 AM,F,25,115.74,-31.72,"$1,438.70","$1,225.33"
4258502723,3/08/2018,1:40 PM,F,40,138.58,-34.96,"$1,956.58","$1,946.57"
2249586092,3/08/2018,11:31 PM,F,50,144.96,-37.69,"$25,689.87","$1,436.98"
3317636250,3/08/2018,3:36 AM,F,27,116.06,-32,"$2,889.90","$2,840.15"
721712940,3/08/2018,8:38 AM,F,25,150.5,-23.4,"$5,042.78","$2,282.36"
854938045,3/08/2018,4:48 AM,M,21,146.92,-36.07,"$29,444.62","$1,560.20"
2650850707,3/08/2018,6:28 PM,M,22,255,-573,"$4,490.85","$3,328.77"
3741880913,3/08/2018,6:14 PM,M,35,153.02,-27.66,"$2,645.62","$2,544.76"
414431115,3/08/2018,9:50 PM,M,21,147.08,-37.97,"$3,158.66","$2,572.91"
90814749,6/08/2018,3:36 PM,M,21,115.81,-31.82,"$5,835.11","$3,578.65"
3541460373,6/08/2018,9:21 AM,F,34,151.04,-33.77,"$1,726.28","$1,711.39"
1217063613,6/08/2018,2:09 AM,F,40,153.1,-27.66,"$1,878.76",$892.09
4281711154,6/08/2018,7:12 AM,M,29,121.48,-30.75,"$4,407.89","$4,405.30"
3481401842,6/08/2018,12:57 AM,F,40,143.83,-37.66,"$190,299.56","$4,216.04"
3481401842,6/08/2018,10:48 PM,F,35,138.69,-34.84,"$2,616.39",$862.95
2828321672,6/08/2018,6:14 AM,M,42,148.16,-23.52,"$106,396.58","$3,231.26"
1516130869,6/08/2018,12:14 AM,M,43,145.16,-37.84,"$2,664.60","$2,588.01"
3541460373,6/08/2018,5:31 AM,M,27,144.71,-37.58,"$1,402.71","$1,396.23"
182446574,6/08/2018,10:19 AM,F,43,145.35,-38.03,"$29,114.92",$664.43
1598451071,6/08/2018,8:09 PM,F,24,145.45,-37.74,"$1,483.02","$1,059.84"
2890243754,6/08/2018,1:12 PM,M,19,115.98,-32.07,"$5,053.83",$990.55
90814749,6/08/2018,8:38 AM,M,40,151.23,-33.96,"$2,454.56","$2,280.36"
2305712452,6/08/2018,5:16 PM,F,30,149.83,-29.47,"$1,681.07","$1,636.72"
1598451071,6/08/2018,10:48 PM,M,20,138.56,-35.27,"$9,637.69","$3,026.95"
2890243754,6/08/2018,4:19 PM,M,28,147.63,-22.84,"$9,062.57","$2,538.68"
182446574,6/08/2018,11:02 AM,F,19,150.82,-34.01,"$5,314.17","$3,977.46"
2776252858,7/08/2018,5:31 AM,M,18,153.41,-28.01,"$4,138.72","$4,132.23"
854938045,7/08/2018,5:45 AM,F,35,144.96,-37.84,"$3,667.29","$2,443.24"
2673069055,7/08/2018,5:45 AM,M,31,150.92,-33.77,"$1,236.10",$996.24
966140392,7/08/2018,7:55 AM,F,18,138.61,-34.89,$792.70,$761.33
1998563091,7/08/2018,1:40 AM,F,21,114.62,-28.8,"$2,507.96","$1,037.07"
182446574,7/08/2018,11:45 AM,M,24,152.99,-27.49,"$17,127.02","$6,024.49"
3326339947,7/08/2018,11:16 AM,F,53,153.03,-27.51,"$1,011.87",$970.47
3689607373,7/08/2018,7:40 PM,M,42,144.98,-37.84,"$34,865.92","$1,757.82"
2673069055,7/08/2018,3:07 AM,M,38,151.23,-33.94,"$1,002.38","$1,002.13"
958000567,7/08/2018,4:48 PM,M,20,145.04,-37.92,"$1,628.18","$1,099.70"
588564840,7/08/2018,11:16 AM,F,47,115.72,-32.28,"$1,289.91","$1,272.47"
3541460373,7/08/2018,2:38 PM,F,34,130.9,-12.37,"$3,725.95","$3,517.61"
3741880913,7/08/2018,5:02 PM,M,23,150.9,-34.37,$987.16,$982.71
966140392,8/08/2018,8:52 AM,F,19,145.15,-37.76,"$3,173.24","$2,485.37"
1903037542,8/08/2018,11:31 AM,F,23,145.01,-37.93,"$3,287.56","$1,626.48"
3481401842,8/08/2018,8:38 AM,M,22,151.18,-33.8,"$3,675.24",$983.36
588564840,8/08/2018,3:07 PM,F,21,130.84,-12.45,"$2,316.26","$2,306.63"
847145727,8/08/2018,12:57 AM,F,43,144.95,-37.76,"$1,151.74","$1,068.04"
1443681913,8/08/2018,4:04 PM,F,26,153.41,-27.95,"$1,343.65","$1,013.67"
1598451071,8/08/2018,9:50 PM,M,26,115.78,-31.9,"$1,477.59","$1,098.91"
2528867619,8/08/2018,3:36 AM,F,30,145.04,-37.85,"$1,951.42","$1,158.15"
1598451071,8/08/2018,2:52 AM,M,69,144.96,-37.76,"$2,840.39","$1,043.12"
4258502723,8/08/2018,11:45 AM,F,20,150.68,-33.79,"$2,542.41","$1,395.49"
602667573,8/08/2018,6:14 PM,M,19,146.94,-36.04,"$6,691.71","$2,639.76"
3536132544,9/08/2018,12:14 PM,F,41,144.93,-37.79,"$3,275.64","$2,101.51"
3741880913,9/08/2018,5:02 PM,F,26,149.03,-34.97,"$4,676.76",$920.71
1222300524,9/08/2018,10:33 PM,F,19,144.66,-37.91,"$4,386.28","$3,676.94"
602667573,9/08/2018,10:04 AM,M,78,145.09,-37.82,"$51,237.54",$782.42
1222300524,9/08/2018,8:09 AM,M,44,144.79,-37.73,"$3,683.89","$2,887.34"
1598451071,9/08/2018,1:55 PM,M,42,150.9,-33.78,"$1,984.70","$1,681.58"
1598451071,9/08/2018,7:12 AM,M,20,151.22,-33.87,"$3,512.95","$2,320.30"
3771436525,9/08/2018,11:16 PM,M,22,151.08,-33.93,"$2,200.13","$1,928.97"
3481401842,9/08/2018,7:55 AM,M,44,145.18,-37.9,"$3,010.65",$596.33
3481401842,9/08/2018,6:00 PM,M,37,149.19,-21.15,"$1,963.59",$916.75
154431271,9/08/2018,4:19 PM,F,18,153.09,-27.48,"$1,546.67","$1,537.68"
1334819143,9/08/2018,8:24 PM,M,25,115.79,-31.94,"$3,506.06","$2,687.85"
3481401842,9/08/2018,7:40 AM,F,35,150.62,-33.76,"$1,698.46",$725.32
182446574,10/08/2018,10:48 PM,M,38,151.27,-33.9,"$31,600.84","$1,880.95"
2673069055,10/08/2018,6:57 PM,F,20,115.79,-31.79,"$2,977.83","$1,138.79"
211792489,10/08/2018,10:48 AM,M,37,153.32,-27.93,"$1,751.92",$917.45
4258502723,10/08/2018,12:00 AM,F,64,147.31,-42.88,"$1,256.90",$576.00
2890243754,10/08/2018,7:55 AM,F,25,115.74,-31.72,"$1,894.28","$1,225.33"
4065652575,10/08/2018,1:40 PM,F,40,138.58,-34.96,"$3,566.25","$1,946.57"
2270192619,10/08/2018,6:57 AM,F,18,150.79,-33.64,"$1,954.67","$1,952.29"
1056639002,10/08/2018,12:14 PM,M,38,143.88,-37.66,"$9,011.76","$3,649.51"
964839203,10/08/2018,4:04 PM,M,35,151.68,-32.98,"$7,810.26","$2,308.67"
2988263882,10/08/2018,12:14 PM,M,28,144.97,-37.42,"$2,658.33","$1,916.51"
182446574,10/08/2018,4:48 AM,M,21,146.92,-36.07,"$30,780.23","$1,560.20"
3317636250,10/08/2018,10:48 AM,F,46,151.09,-33.91,"$15,824.73","$2,470.45"
2970114956,10/08/2018,11:02 PM,M,46,144.99,-37.9,"$260,393.90","$2,179.96"
2615038700,10/08/2018,6:14 PM,M,35,153.02,-27.66,"$4,920.14","$2,544.76"
1516130869,13/08/2018,9:21 AM,F,34,151.04,-33.77,"$3,351.90","$1,711.39"
3084464802,13/08/2018,2:09 AM,F,40,153.1,-27.66,"$2,025.48",$892.09
1608363396,13/08/2018,3:21 AM,F,26,151.27,-33.85,"$1,853.29","$1,843.14"
80388494,13/08/2018,7:55 PM,M,20,145.23,-37.86,"$3,955.08","$1,640.83"
1799207998,13/08/2018,10:48 PM,F,35,138.69,-34.84,"$3,160.27",$862.95
240804743,13/08/2018,12:28 PM,M,31,151.11,-33.99,"$2,887.54","$2,886.52"
240804743,13/08/2018,12:14 AM,M,43,145.16,-37.84,"$4,980.61","$2,588.01"
1056639002,13/08/2018,5:31 AM,M,27,144.71,-37.58,"$2,440.10","$1,396.23"
3481401842,13/08/2018,10:19 AM,F,43,145.35,-38.03,"$29,573.40",$664.43
1424176027,13/08/2018,8:09 PM,F,24,145.45,-37.74,"$2,179.91","$1,059.84"
559365433,13/08/2018,1:12 PM,M,19,115.98,-32.07,"$5,087.36",$990.55
854938045,13/08/2018,8:38 AM,M,40,151.23,-33.96,"$4,413.74","$2,280.36"
1799207998,13/08/2018,5:16 PM,F,30,149.83,-29.47,"$3,317.79","$1,636.72"
3481401842,13/08/2018,5:45 PM,M,19,115.9,-31.92,"$52,796.92","$2,854.74"
1799207998,13/08/2018,6:28 PM,M,28,151.12,-33.89,"$33,035.16","$4,054.77"
1598451071,14/08/2018,5:45 AM,F,35,144.96,-37.84,"$5,813.53","$2,443.24"
1598451071,14/08/2018,12:14 PM,M,33,145.13,-37.7,"$59,558.05","$2,718.51"
3485804958,14/08/2018,5:45 AM,M,31,150.92,-33.77,"$1,966.12",$996.24
2673069055,14/08/2018,7:26 PM,M,42,149.03,-35.25,"$14,565.96","$1,757.81"
2970114956,14/08/2018,7:55 AM,F,18,138.61,-34.89,"$1,331.91",$761.33
1496451953,14/08/2018,1:40 AM,F,21,114.62,-28.8,"$3,357.61","$1,037.07"
2897221629,14/08/2018,11:16 AM,F,53,153.03,-27.51,"$1,398.70",$970.47
588564840,14/08/2018,3:07 AM,M,38,151.23,-33.94,"$1,132.66","$1,002.13"
4258502723,14/08/2018,2:52 AM,F,38,144.89,-37.81,"$19,822.38","$1,541.12"
588564840,14/08/2018,4:48 PM,M,20,145.04,-37.92,"$1,154.57","$1,099.70"
354106658,14/08/2018,11:16 AM,F,47,115.72,-32.28,"$2,434.38","$1,272.47"
1799207998,14/08/2018,5:02 PM,M,23,150.9,-34.37,"$1,823.78",$982.71
1903037542,15/08/2018,10:48 PM,M,23,151.27,-33.76,"$10,724.87","$3,903.95"
1903037542,15/08/2018,11:31 AM,F,23,145.01,-37.93,"$4,644.04","$1,626.48"
1903037542,15/08/2018,8:38 AM,M,22,151.18,-33.8,"$4,475.72",$983.36
1334819143,15/08/2018,1:55 AM,M,24,145,-37.83,"$2,713.59","$1,408.08"
2673069055,15/08/2018,12:57 AM,F,43,144.95,-37.76,"$1,215.70","$1,068.04"
2673069055,15/08/2018,4:04 PM,F,26,153.41,-27.95,"$1,440.22","$1,013.67"
847145727,15/08/2018,12:14 PM,F,39,151.04,-33.8,"$8,754.76","$5,103.51"
1516130869,15/08/2018,5:31 PM,F,34,138.52,-35.01,"$19,199.85","$3,903.73"
1903037542,15/08/2018,9:50 PM,M,26,115.78,-31.9,"$2,178.57","$1,098.91"
2828321672,15/08/2018,9:07 AM,M,38,130.98,-12.49,"$52,568.04","$2,647.38"
1608363396,15/08/2018,3:36 AM,F,30,145.04,-37.85,"$2,869.72","$1,158.15"
964839203,15/08/2018,2:52 AM,M,69,144.96,-37.76,"$3,655.94","$1,043.12"
1788473090,15/08/2018,11:45 AM,F,20,150.68,-33.79,"$3,523.00","$1,395.49"
3771436525,15/08/2018,3:21 AM,M,39,145.17,-37.84,"$8,965.29","$3,071.14"
3771436525,17/08/2018,10:48 PM,M,38,151.27,-33.9,"$33,238.34","$1,880.95"
854938045,17/08/2018,6:57 PM,F,20,115.79,-31.79,"$3,885.62","$1,138.79"
2897221629,17/08/2018,10:48 AM,M,37,153.32,-27.93,"$2,173.88",$917.45
966140392,17/08/2018,4:19 PM,F,21,145.06,-37.95,"$3,830.37","$2,023.68"
2673069055,17/08/2018,6:43 PM,M,52,116.02,-31.87,"$6,941.28","$3,785.78"
3021093232,17/08/2018,12:00 AM,F,64,147.31,-42.88,"$1,540.22",$576.00
1903037542,17/08/2018,7:55 AM,F,25,115.74,-31.72,"$2,300.25","$1,225.33"
2890243754,17/08/2018,1:40 PM,F,40,138.58,-34.96,"$5,075.31","$1,946.57"
1037050564,17/08/2018,11:31 PM,F,50,144.96,-37.69,"$26,639.12","$1,436.98"
3771436525,17/08/2018,12:00 AM,M,38,138.67,-34.86,"$2,503.10","$2,500.00"
588564840,17/08/2018,12:00 AM,M,38,138.67,-34.86,"$5,003.10","$2,500.00"
2828321672,17/08/2018,3:36 AM,F,27,116.06,-32,"$4,739.35","$2,840.15"
819621312,17/08/2018,8:38 AM,F,25,150.5,-23.4,"$6,095.16","$2,282.36"
1056639002,17/08/2018,4:48 AM,M,21,146.92,-36.07,"$32,030.97","$1,560.20"
154431271,17/08/2018,6:28 PM,M,22,255,-573,"$4,869.27","$3,328.77"
354106658,17/08/2018,6:14 PM,M,35,153.02,-27.66,"$7,299.17","$2,544.76"
414431115,17/08/2018,9:50 PM,M,21,147.08,-37.97,"$3,384.03","$2,572.91"
1438600314,20/08/2018,3:36 PM,M,21,115.81,-31.82,"$8,858.41","$3,578.65"
1496451953,20/08/2018,9:21 AM,F,34,151.04,-33.77,"$4,134.06","$1,711.39"
1222300524,20/08/2018,2:09 AM,F,40,153.1,-27.66,"$2,628.62",$892.09
3100725361,20/08/2018,7:12 AM,M,29,121.48,-30.75,"$7,961.21","$4,405.30"
1496451953,20/08/2018,12:57 AM,F,40,143.83,-37.66,"$193,621.49","$4,216.04"
354106658,20/08/2018,10:48 PM,F,35,138.69,-34.84,"$3,685.22",$862.95
3021093232,20/08/2018,11:31 PM,M,40,115.83,-31.9,"$62,647.22","$8,835.98"
1222300524,20/08/2018,6:14 AM,M,42,148.16,-23.52,"$108,791.32","$3,231.26"
2249586092,20/08/2018,12:14 AM,M,43,145.16,-37.84,"$6,910.63","$2,588.01"
2890243754,20/08/2018,5:31 AM,M,27,144.71,-37.58,"$3,532.33","$1,396.23"
2673069055,20/08/2018,10:19 AM,F,43,145.35,-38.03,"$30,006.42",$664.43
1516130869,20/08/2018,8:09 PM,F,24,145.45,-37.74,"$2,094.76","$1,059.84"
1222300524,20/08/2018,1:12 PM,M,19,115.98,-32.07,"$5,878.28",$990.55
1222300524,20/08/2018,8:38 AM,M,40,151.23,-33.96,"$6,139.55","$2,280.36"
2890243754,20/08/2018,5:16 PM,F,30,149.83,-29.47,"$4,537.19","$1,636.72"
2173390920,20/08/2018,4:19 PM,M,28,147.63,-22.84,"$10,551.95","$2,538.68"
1598451071,20/08/2018,11:02 AM,F,19,150.82,-34.01,"$7,764.35","$3,977.46"
2305712452,21/08/2018,5:31 AM,M,18,153.41,-28.01,"$7,544.15","$4,132.23"
3689607373,21/08/2018,5:45 AM,F,35,144.96,-37.84,"$8,125.77","$2,443.24"
3233697971,21/08/2018,5:45 AM,M,31,150.92,-33.77,"$2,813.36",$996.24
3954677887,21/08/2018,7:55 AM,F,18,138.61,-34.89,"$2,017.93",$761.33
1710017148,21/08/2018,1:40 AM,F,21,114.62,-28.8,"$4,193.48","$1,037.07"
1973887809,21/08/2018,11:16 AM,F,53,153.03,-27.51,"$1,853.47",$970.47
1056639002,21/08/2018,7:40 PM,M,42,144.98,-37.84,"$36,477.74","$1,757.82"
1199531521,21/08/2018,3:07 AM,M,38,151.23,-33.94,"$2,084.79","$1,002.13"
1056639002,21/08/2018,4:48 PM,M,20,145.04,-37.92,"$1,544.92","$1,099.70"
2828321672,21/08/2018,11:16 AM,F,47,115.72,-32.28,"$3,507.70","$1,272.47"
182446574,21/08/2018,2:38 PM,F,34,130.9,-12.37,"$5,737.90","$3,517.61"
1496451953,21/08/2018,5:02 PM,M,23,150.9,-34.37,"$2,360.24",$982.71
3485804958,22/08/2018,8:52 AM,F,19,145.15,-37.76,"$5,209.50","$2,485.37"
1496451953,22/08/2018,11:31 AM,F,23,145.01,-37.93,"$5,697.52","$1,626.48"
2173390920,22/08/2018,8:38 AM,M,22,151.18,-33.8,"$5,240.83",$983.36
3689607373,22/08/2018,3:07 PM,F,21,130.84,-12.45,"$4,183.72","$2,306.63"
3689607373,22/08/2018,12:57 AM,F,43,144.95,-37.76,"$2,211.74","$1,068.04"
182446574,22/08/2018,4:04 PM,F,26,153.41,-27.95,"$1,932.06","$1,013.67"
3485804958,22/08/2018,9:50 PM,M,26,115.78,-31.9,"$3,144.33","$1,098.91"
182446574,22/08/2018,3:36 AM,F,30,145.04,-37.85,"$3,533.73","$1,158.15"
90814749,22/08/2018,2:52 AM,M,69,144.96,-37.76,"$4,414.32","$1,043.12"
3689607373,22/08/2018,11:45 AM,F,20,150.68,-33.79,"$4,558.59","$1,395.49"
2259139624,22/08/2018,6:14 PM,M,19,146.94,-36.04,"$8,997.47","$2,639.76"
3689607373,23/08/2018,12:14 PM,F,41,144.93,-37.79,"$3,042.91","$2,101.51"
1037050564,23/08/2018,5:02 PM,F,26,149.03,-34.97,"$5,242.69",$920.71
854938045,23/08/2018,10:33 PM,F,19,144.66,-37.91,"$7,736.06","$3,676.94"
3481401842,23/08/2018,10:04 AM,M,78,145.09,-37.82,"$52,429.38",$782.42
1598451071,23/08/2018,8:09 AM,M,44,144.79,-37.73,"$6,082.23","$2,887.34"
3689607373,23/08/2018,1:55 PM,M,42,150.9,-33.78,"$3,001.96","$1,681.58"
182446574,23/08/2018,7:12 AM,M,20,151.22,-33.87,"$4,969.93","$2,320.30"
958000567,23/08/2018,11:16 PM,M,22,151.08,-33.93,"$3,842.64","$1,928.97"
2173390920,23/08/2018,7:55 AM,M,44,145.18,-37.9,"$3,769.84",$596.33
2259139624,23/08/2018,6:00 PM,M,37,149.19,-21.15,"$3,797.09",$916.75
966140392,23/08/2018,4:19 PM,F,18,153.09,-27.48,"$2,187.72","$1,537.68"
2259139624,23/08/2018,8:24 PM,M,25,115.79,-31.94,"$5,543.03","$2,687.85"
1799207998,23/08/2018,9:36 PM,F,30,138.63,-34.93,"$6,731.99","$4,910.90"
4258502723,23/08/2018,7:40 AM,F,35,150.62,-33.76,"$2,597.23",$725.32
2901672282,24/08/2018,10:48 PM,M,38,151.27,-33.9,"$34,933.29","$1,880.95"
1598451071,24/08/2018,6:57 PM,F,20,115.79,-31.79,"$4,567.32","$1,138.79"
2153562714,24/08/2018,10:48 AM,M,37,153.32,-27.93,"$2,632.57",$917.45
2920611728,24/08/2018,12:00 AM,F,64,147.31,-42.88,"$1,840.66",$576.00
2901672282,24/08/2018,7:55 AM,F,25,115.74,-31.72,"$3,354.01","$1,225.33"
4258502723,24/08/2018,1:40 PM,F,40,138.58,-34.96,"$6,711.74","$1,946.57"
1279356312,24/08/2018,1:26 PM,F,24,116,-31.88,"$3,992.78","$3,712.56"
1598451071,24/08/2018,6:57 AM,F,18,150.79,-33.64,"$3,333.39","$1,952.29"
1222300524,24/08/2018,12:14 PM,M,38,143.88,-37.66,"$11,860.25","$3,649.51"
1890605467,24/08/2018,4:04 PM,M,35,151.68,-32.98,"$9,905.80","$2,308.67"
1199531521,24/08/2018,12:14 PM,M,28,144.97,-37.42,"$4,170.52","$1,916.51"
1516130869,24/08/2018,4:48 AM,M,21,146.92,-36.07,"$33,041.53","$1,560.20"
966140392,24/08/2018,10:48 AM,F,46,151.09,-33.91,"$17,950.18","$2,470.45"
1710017148,24/08/2018,11:02 PM,M,46,144.99,-37.9,"$262,153.86","$2,179.96"
2259139624,24/08/2018,6:14 PM,M,35,153.02,-27.66,"$9,463.94","$2,544.76"
1279356312,27/08/2018,9:21 AM,F,34,151.04,-33.77,"$5,719.06","$1,711.39"
2673069055,27/08/2018,2:09 AM,F,40,153.1,-27.66,"$3,060.28",$892.09
3689607373,27/08/2018,3:21 AM,F,26,151.27,-33.85,"$3,414.87","$1,843.14"
3481401842,27/08/2018,7:55 PM,M,20,145.23,-37.86,"$5,310.91","$1,640.83"
1222300524,27/08/2018,10:48 PM,F,35,138.69,-34.84,"$4,298.18",$862.95
588564840,27/08/2018,12:28 PM,M,31,151.11,-33.99,"$5,409.34","$2,886.52"
2673069055,27/08/2018,12:14 AM,M,43,145.16,-37.84,"$8,607.25","$2,588.01"
1222300524,27/08/2018,5:31 AM,M,27,144.71,-37.58,"$4,442.86","$1,396.23"
1222300524,27/08/2018,10:19 AM,F,43,145.35,-38.03,"$30,444.74",$664.43
37709441,27/08/2018,8:09 PM,F,24,145.45,-37.74,"$2,587.71","$1,059.84"
182446574,27/08/2018,1:12 PM,M,19,115.98,-32.07,"$6,609.23",$990.55
1222300524,27/08/2018,8:38 AM,M,40,151.23,-33.96,"$7,125.16","$2,280.36"
1516130869,27/08/2018,5:16 PM,F,30,149.83,-29.47,"$5,188.27","$1,636.72"
1279356312,27/08/2018,5:45 PM,M,19,115.9,-31.92,"$55,207.57","$2,854.74"
1279356312,27/08/2018,6:28 PM,M,28,151.12,-33.89,"$36,576.93","$4,054.77"
1598451071,28/08/2018,5:45 AM,F,35,144.96,-37.84,"$10,258.01","$2,443.24"
4065652575,28/08/2018,12:14 PM,M,33,145.13,-37.7,"$60,739.04","$2,718.51"
1598451071,28/08/2018,5:45 AM,M,31,150.92,-33.77,"$3,183.94",$996.24
3233697971,28/08/2018,7:26 PM,M,42,149.03,-35.25,"$16,233.77","$1,757.81"
854938045,28/08/2018,7:55 AM,F,18,138.61,-34.89,"$2,646.08",$761.33
1334819143,28/08/2018,1:40 AM,F,21,114.62,-28.8,"$3,139.20","$1,037.07"
1516130869,28/08/2018,11:16 AM,F,53,153.03,-27.51,"$2,099.14",$970.47
3485804958,28/08/2018,3:07 AM,M,38,151.23,-33.94,"$2,279.63","$1,002.13"
3689607373,28/08/2018,2:52 AM,F,38,144.89,-37.81,"$21,123.41","$1,541.12"
2249586092,28/08/2018,4:48 PM,M,20,145.04,-37.92,"$2,574.74","$1,099.70"
4258502723,28/08/2018,11:16 AM,F,47,115.72,-32.28,"$4,072.15","$1,272.47"
3689607373,28/08/2018,5:02 PM,M,23,150.9,-34.37,"$3,019.32",$982.71
2681137560,29/08/2018,10:48 PM,M,23,151.27,-33.76,"$13,030.74","$3,903.95"
588564840,29/08/2018,11:31 AM,F,23,145.01,-37.93,"$7,208.00","$1,626.48"
90814749,29/08/2018,8:38 AM,M,22,151.18,-33.8,"$6,224.19",$983.36
819621312,29/08/2018,1:55 AM,M,24,145,-37.83,"$3,618.46","$1,408.08"
3771436525,29/08/2018,12:57 AM,F,43,144.95,-37.76,"$3,140.02","$1,068.04"
819621312,29/08/2018,4:04 PM,F,26,153.41,-27.95,"$2,273.97","$1,013.67"
37709441,29/08/2018,5:31 PM,F,34,138.52,-35.01,"$21,761.07","$3,903.73"
958000567,29/08/2018,9:50 PM,M,26,115.78,-31.9,"$3,937.74","$1,098.91"
2920611728,29/08/2018,9:07 AM,M,38,130.98,-12.49,"$54,662.07","$2,647.38"
3536132544,29/08/2018,3:36 AM,F,30,145.04,-37.85,"$4,537.68","$1,158.15"
182446574,29/08/2018,2:52 AM,M,69,144.96,-37.76,"$5,005.03","$1,043.12"
2897221629,29/08/2018,11:45 AM,F,20,150.68,-33.79,"$5,283.42","$1,395.49"
3689607373,29/08/2018,3:21 AM,M,39,145.17,-37.84,"$10,709.36","$3,071.14"
3100725361,30/08/2018,5:02 PM,F,26,149.03,-34.97,"$5,990.09",$920.71
3100725361,30/08/2018,10:04 AM,M,78,145.09,-37.82,"$53,173.80",$782.42
3689607373,30/08/2018,5:31 PM,M,22,145.03,-37.88,"$6,210.42","$2,218.73"
3689607373,30/08/2018,2:52 PM,M,30,153.05,-27.61,"$3,362.02","$1,808.62"
819621312,30/08/2018,7:55 AM,M,44,145.18,-37.9,"$4,366.17",$596.33
1334819143,30/08/2018,11:31 PM,M,26,144.89,-37.69,"$8,039.71","$1,433.98"
3536132544,30/08/2018,8:38 AM,F,43,142.77,-37.06,"$2,907.30","$1,630.36"
1598451071,30/08/2018,6:00 PM,M,37,149.19,-21.15,"$4,147.84",$916.75
1990648130,30/08/2018,12:14 AM,M,22,145.03,-37.91,"$45,948.47","$3,195.01"
1990648130,30/08/2018,7:40 AM,F,35,150.62,-33.76,"$3,312.68",$725.32
1222300524,31/08/2018,10:48 PM,M,38,151.27,-33.9,"$36,558.24","$1,880.95"
1890605467,31/08/2018,6:57 PM,F,20,115.79,-31.79,"$4,999.83","$1,138.79"
1903037542,31/08/2018,10:48 AM,M,37,153.32,-27.93,"$3,046.63",$917.45
2681137560,31/08/2018,4:19 PM,F,21,145.06,-37.95,"$5,280.90","$2,023.68"
1903037542,31/08/2018,6:43 PM,M,52,116.02,-31.87,"$10,176.40","$3,785.78"
80388494,31/08/2018,12:00 AM,F,64,147.31,-42.88,"$2,373.44",$576.00
3741880913,31/08/2018,7:55 AM,F,25,115.74,-31.72,"$4,306.38","$1,225.33"
80388494,31/08/2018,1:40 PM,F,40,138.58,-34.96,"$8,532.43","$1,946.57"
2305712452,31/08/2018,11:31 PM,F,50,144.96,-37.69,"$28,076.10","$1,436.98"
958000567,31/08/2018,3:36 AM,F,27,116.06,-32,"$5,392.21","$2,840.15"
1222300524,31/08/2018,8:38 AM,F,25,150.5,-23.4,"$8,239.40","$2,282.36"
1424176027,31/08/2018,4:48 AM,M,21,146.92,-36.07,"$34,453.20","$1,560.20"
354106658,31/08/2018,6:28 PM,M,22,255,-573,"$5,924.70","$3,328.77"
3689607373,31/08/2018,6:14 PM,M,35,153.02,-27.66,"$10,265.95","$2,544.76"
3536132544,31/08/2018,9:50 PM,M,21,147.08,-37.97,"$4,816.40","$2,572.91"
2265520058,3/09/2018,3:36 PM,M,21,115.81,-31.82,"$11,449.84","$3,578.65"
2901672282,3/09/2018,9:21 AM,F,34,151.04,-33.77,"$6,293.87","$1,711.39"
1334819143,3/09/2018,2:09 AM,F,40,153.1,-27.66,"$3,780.96",$892.09
4258502723,3/09/2018,7:12 AM,M,29,121.48,-30.75,"$11,753.39","$4,405.30"
1334819143,3/09/2018,12:57 AM,F,40,143.83,-37.66,"$196,933.96","$4,216.04"
354106658,3/09/2018,10:48 PM,F,35,138.69,-34.84,"$5,081.13",$862.95
1424176027,3/09/2018,6:14 AM,M,42,148.16,-23.52,"$110,361.62","$3,231.26"
1424176027,3/09/2018,12:14 AM,M,43,145.16,-37.84,"$10,942.33","$2,588.01"
2890243754,3/09/2018,5:31 AM,M,27,144.71,-37.58,"$5,206.26","$1,396.23"
1334819143,3/09/2018,10:19 AM,F,43,145.35,-38.03,"$31,071.17",$664.43
3485804958,3/09/2018,8:09 PM,F,24,145.45,-37.74,"$3,068.41","$1,059.84"
3326339947,3/09/2018,1:12 PM,M,19,115.98,-32.07,"$7,254.29",$990.55
3879258709,3/09/2018,8:38 AM,M,40,151.23,-33.96,"$9,318.52","$2,280.36"
182446574,3/09/2018,5:16 PM,F,30,149.83,-29.47,"$6,809.38","$1,636.72"
2890243754,3/09/2018,4:19 PM,M,28,147.63,-22.84,"$12,017.20","$2,538.68"
1222300524,3/09/2018,11:02 AM,F,19,150.82,-34.01,"$10,636.12","$3,977.46"
1344825761,4/09/2018,5:31 AM,M,18,153.41,-28.01,"$10,631.69","$4,132.23"
1598451071,4/09/2018,5:45 AM,F,35,144.96,-37.84,"$12,367.10","$2,443.24"
2681137560,4/09/2018,5:45 AM,M,31,150.92,-33.77,"$3,648.80",$996.24
2259139624,4/09/2018,7:55 AM,F,18,138.61,-34.89,"$3,115.05",$761.33
2173390920,4/09/2018,1:40 AM,F,21,114.62,-28.8,"$3,399.94","$1,037.07"
1652235822,4/09/2018,11:16 AM,F,53,153.03,-27.51,"$2,793.61",$970.47
3481401842,4/09/2018,7:40 PM,M,42,144.98,-37.84,"$37,770.56","$1,757.82"
1037050564,4/09/2018,3:07 AM,M,38,151.23,-33.94,"$2,535.72","$1,002.13"
90814749,4/09/2018,4:48 PM,M,20,145.04,-37.92,"$3,216.82","$1,099.70"
2107684084,4/09/2018,11:16 AM,F,47,115.72,-32.28,"$5,028.43","$1,272.47"
1990648130,4/09/2018,2:38 PM,F,34,130.9,-12.37,"$7,578.20","$3,517.61"
1443681913,4/09/2018,5:02 PM,M,23,150.9,-34.37,"$3,633.78",$982.71
2890243754,5/09/2018,8:52 AM,F,19,145.15,-37.76,"$6,937.91","$2,485.37"
3485804958,5/09/2018,11:31 AM,F,23,145.01,-37.93,"$8,718.48","$1,626.48"
1199531521,5/09/2018,8:38 AM,M,22,151.18,-33.8,"$7,207.55",$983.36
2890243754,5/09/2018,3:07 PM,F,21,130.84,-12.45,"$3,351.59","$2,306.63"
2890243754,5/09/2018,12:57 AM,F,43,144.95,-37.76,"$3,815.93","$1,068.04"
1652235822,5/09/2018,4:04 PM,F,26,153.41,-27.95,"$2,145.75","$1,013.67"
1037050564,5/09/2018,9:50 PM,M,26,115.78,-31.9,"$4,857.86","$1,098.91"
1799207998,5/09/2018,3:36 AM,F,30,145.04,-37.85,"$4,977.55","$1,158.15"
2528867619,5/09/2018,2:52 AM,M,69,144.96,-37.76,"$5,529.57","$1,043.12"
2890243754,5/09/2018,11:45 AM,F,20,150.68,-33.79,"$6,566.23","$1,395.49"
3481401842,5/09/2018,6:14 PM,M,19,146.94,-36.04,"$11,218.81","$2,639.76"
2890243754,6/09/2018,12:14 PM,F,41,144.93,-37.79,"$4,406.95","$2,101.51"
1344825761,6/09/2018,5:02 PM,F,26,149.03,-34.97,"$6,759.80",$920.71
1443681913,6/09/2018,10:33 PM,F,19,144.66,-37.91,"$10,642.90","$3,676.94"
2265520058,6/09/2018,10:04 AM,M,78,145.09,-37.82,"$53,918.22",$782.42
1516130869,6/09/2018,8:09 AM,M,44,144.79,-37.73,"$7,878.70","$2,887.34"
1443681913,6/09/2018,1:55 PM,M,42,150.9,-33.78,"$4,469.65","$1,681.58"
3485804958,6/09/2018,7:12 AM,M,20,151.22,-33.87,"$6,069.17","$2,320.30"
1598451071,6/09/2018,11:16 PM,M,22,151.08,-33.93,"$5,332.13","$1,928.97"
2249586092,6/09/2018,7:55 AM,M,44,145.18,-37.9,"$4,725.52",$596.33
2265520058,6/09/2018,6:00 PM,M,37,149.19,-21.15,"$5,064.59",$916.75
354106658,6/09/2018,10:48 PM,M,20,138.56,-35.27,"$11,970.46","$3,026.95"
1903037542,6/09/2018,4:19 PM,F,18,153.09,-27.48,"$3,132.90","$1,537.68"
3485804958,6/09/2018,8:24 PM,M,25,115.79,-31.94,"$7,997.88","$2,687.85"
1683215619,6/09/2018,7:40 AM,F,35,150.62,-33.76,"$3,997.71",$725.32
2673069055,7/09/2018,10:48 PM,M,38,151.27,-33.9,"$37,879.54","$1,880.95"
847145727,7/09/2018,6:57 PM,F,20,115.79,-31.79,"$5,127.85","$1,138.79"
2828321672,7/09/2018,10:48 AM,M,37,153.32,-27.93,"$3,654.88",$917.45
1890605467,7/09/2018,12:00 AM,F,64,147.31,-42.88,"$2,403.78",$576.00
1037050564,7/09/2018,7:55 AM,F,25,115.74,-31.72,"$4,337.41","$1,225.33"
4258502723,7/09/2018,1:40 PM,F,40,138.58,-34.96,"$10,201.90","$1,946.57"
3233697971,7/09/2018,6:57 AM,F,18,150.79,-33.64,"$4,757.68","$1,952.29"
1056639002,7/09/2018,12:14 PM,M,38,143.88,-37.66,"$13,615.34","$3,649.51"
3689607373,7/09/2018,4:04 PM,M,35,151.68,-32.98,"$10,796.61","$2,308.67"
1799207998,7/09/2018,11:45 AM,M,24,152.99,-27.49,"$21,158.28","$6,024.49"
1598451071,7/09/2018,12:14 PM,M,28,144.97,-37.42,"$5,896.44","$1,916.51"
211792489,7/09/2018,4:48 AM,M,21,146.92,-36.07,"$35,786.03","$1,560.20"
1598451071,7/09/2018,10:48 AM,F,46,151.09,-33.91,"$20,008.25","$2,470.45"
211792489,7/09/2018,11:02 PM,M,46,144.99,-37.9,"$264,103.82","$2,179.96"
1652235822,7/09/2018,6:14 PM,M,35,153.02,-27.66,"$12,708.90","$2,544.76"
2681137560,10/09/2018,9:21 AM,F,34,151.04,-33.77,"$7,918.61","$1,711.39"
1598451071,10/09/2018,2:09 AM,F,40,153.1,-27.66,"$3,724.18",$892.09
1598451071,10/09/2018,3:21 AM,F,26,151.27,-33.85,"$3,742.72","$1,843.14"
847145727,10/09/2018,7:55 PM,M,20,145.23,-37.86,"$6,853.74","$1,640.83"
182446574,10/09/2018,10:48 PM,F,35,138.69,-34.84,"$4,313.61",$862.95
1598451071,10/09/2018,12:28 PM,M,31,151.11,-33.99,"$7,495.12","$2,886.52"
1903037542,10/09/2018,12:14 AM,M,43,145.16,-37.84,"$13,040.10","$2,588.01"
2265520058,10/09/2018,5:31 AM,M,27,144.71,-37.58,"$6,232.50","$1,396.23"
3541460373,10/09/2018,10:19 AM,F,43,145.35,-38.03,"$30,326.60",$664.43
2673069055,10/09/2018,8:09 PM,F,24,145.45,-37.74,"$3,594.17","$1,059.84"
1652235822,10/09/2018,1:12 PM,M,19,115.98,-32.07,"$7,874.68",$990.55
3541460373,10/09/2018,8:38 AM,M,40,151.23,-33.96,"$11,322.88","$2,280.36"
3485804958,10/09/2018,5:16 PM,F,30,149.83,-29.47,"$8,446.10","$1,636.72"
2249586092,10/09/2018,5:45 PM,M,19,115.9,-31.92,"$57,686.46","$2,854.74"
3689607373,10/09/2018,6:28 PM,M,28,151.12,-33.89,"$39,563.70","$4,054.77"
1438600314,11/09/2018,5:45 AM,F,35,144.96,-37.84,"$14,154.40","$2,443.24"
1438600314,11/09/2018,12:14 PM,M,33,145.13,-37.7,"$62,519.84","$2,718.51"
3879258709,11/09/2018,5:45 AM,M,31,150.92,-33.77,"$3,730.39",$996.24
3879258709,11/09/2018,7:26 PM,M,42,149.03,-35.25,"$17,520.17","$1,757.81"
1598451071,11/09/2018,7:55 AM,F,18,138.61,-34.89,"$3,749.71",$761.33
2673069055,11/09/2018,1:40 AM,F,21,114.62,-28.8,"$4,328.62","$1,037.07"
2249586092,11/09/2018,11:16 AM,F,53,153.03,-27.51,"$3,717.52",$970.47
1890605467,11/09/2018,3:07 AM,M,38,151.23,-33.94,"$1,006.33","$1,002.13"
1056639002,11/09/2018,2:52 AM,F,38,144.89,-37.81,"$22,079.56","$1,541.12"
3827517394,11/09/2018,4:48 PM,M,20,145.04,-37.92,"$4,164.86","$1,099.70"
90814749,11/09/2018,11:16 AM,F,47,115.72,-32.28,"$5,764.99","$1,272.47"
1710017148,11/09/2018,5:02 PM,M,23,150.9,-34.37,"$4,498.34",$982.71
3827517394,12/09/2018,10:48 PM,M,23,151.27,-33.76,"$15,523.69","$3,903.95"
1598451071,12/09/2018,11:31 AM,F,23,145.01,-37.93,"$10,228.96","$1,626.48"
2673069055,12/09/2018,8:38 AM,M,22,151.18,-33.8,"$7,839.91",$983.36
211792489,12/09/2018,1:55 AM,M,24,145,-37.83,"$3,874.97","$1,408.08"
1496451953,12/09/2018,12:57 AM,F,43,144.95,-37.76,"$4,602.87","$1,068.04"
1683215619,12/09/2018,4:04 PM,F,26,153.41,-27.95,"$2,341.26","$1,013.67"
1683215619,12/09/2018,5:31 PM,F,34,138.52,-35.01,"$23,687.34","$3,903.73"
966140392,12/09/2018,9:50 PM,M,26,115.78,-31.9,"$5,674.54","$1,098.91"
1598451071,12/09/2018,9:07 AM,M,38,130.98,-12.49,"$57,232.45","$2,647.38"
3741880913,12/09/2018,3:36 AM,F,30,145.04,-37.85,"$5,738.55","$1,158.15"
1037050564,12/09/2018,2:52 AM,M,69,144.96,-37.76,"$6,215.88","$1,043.12"
1710017148,12/09/2018,11:45 AM,F,20,150.68,-33.79,"$7,134.68","$1,395.49"
3485804958,12/09/2018,3:21 AM,M,39,145.17,-37.84,"$12,512.73","$3,071.14"
1496451953,13/09/2018,5:02 PM,F,26,149.03,-34.97,"$7,529.51",$920.71
3741880913,13/09/2018,10:04 AM,M,78,145.09,-37.82,"$54,662.64",$782.42
3689607373,13/09/2018,5:31 PM,M,22,145.03,-37.88,"$7,905.30","$2,218.73"
1516130869,13/09/2018,2:52 PM,M,30,153.05,-27.61,"$4,197.26","$1,808.62"
2681137560,13/09/2018,7:55 AM,M,44,145.18,-37.9,"$5,321.85",$596.33
2107684084,13/09/2018,11:31 PM,M,26,144.89,-37.69,"$9,286.53","$1,433.98"
1598451071,13/09/2018,8:38 AM,F,43,142.77,-37.06,"$4,072.78","$1,630.36"
211792489,13/09/2018,6:00 PM,M,37,149.19,-21.15,"$5,981.34",$916.75
2673069055,13/09/2018,12:14 AM,M,22,145.03,-37.91,"$48,555.95","$3,195.01"
1056639002,13/09/2018,7:40 AM,F,35,150.62,-33.76,"$4,605.84",$725.32
966140392,14/09/2018,10:48 PM,M,38,151.27,-33.9,"$39,591.31","$1,880.95"
2901672282,14/09/2018,6:57 PM,F,20,115.79,-31.79,"$5,961.22","$1,138.79"
958000567,14/09/2018,10:48 AM,M,37,153.32,-27.93,"$4,011.36",$917.45
854938045,14/09/2018,4:19 PM,F,21,145.06,-37.95,"$7,066.58","$2,023.68"
2673069055,14/09/2018,6:43 PM,M,52,116.02,-31.87,"$12,848.72","$3,785.78"
1890605467,14/09/2018,12:00 AM,F,64,147.31,-42.88,"$2,491.69",$576.00
958000567,14/09/2018,7:55 AM,F,25,115.74,-31.72,"$5,187.29","$1,225.33"
966140392,14/09/2018,1:40 PM,F,40,138.58,-34.96,"$11,526.36","$1,946.57"
1903037542,14/09/2018,11:31 PM,F,50,144.96,-37.69,"$28,444.11","$1,436.98"
1349834573,14/09/2018,12:14 PM,F,39,151.04,-33.8,"$10,891.05","$5,103.51"
2673069055,14/09/2018,12:14 PM,F,39,151.04,-33.8,"$15,994.56","$5,103.51"
3541460373,14/09/2018,3:36 AM,F,27,116.06,-32,"$7,453.73","$2,840.15"
854938045,14/09/2018,8:38 AM,F,25,150.5,-23.4,"$9,316.39","$2,282.36"
3485804958,14/09/2018,4:48 AM,M,21,146.92,-36.07,"$35,029.67","$1,560.20"
2897221629,14/09/2018,6:28 PM,M,22,255,-573,"$7,280.85","$3,328.77"
1516130869,14/09/2018,6:14 PM,M,35,153.02,-27.66,"$13,215.66","$2,544.76"
1903037542,14/09/2018,9:50 PM,M,21,147.08,-37.97,"$6,919.34","$2,572.91"
1598451071,17/09/2018,3:36 PM,M,21,115.81,-31.82,"$10,861.16","$3,578.65"
1598451071,17/09/2018,9:21 AM,F,34,151.04,-33.77,"$8,496.43","$1,711.39"
1903037542,17/09/2018,2:09 AM,F,40,153.1,-27.66,"$4,146.65",$892.09
1903037542,17/09/2018,7:12 AM,M,29,121.48,-30.75,"$15,225.33","$4,405.30"
3771436525,17/09/2018,12:57 AM,F,40,143.83,-37.66,"$200,023.81","$4,216.04"
3689607373,17/09/2018,10:48 PM,F,35,138.69,-34.84,"$3,664.63",$862.95
2305712452,17/09/2018,6:14 AM,M,42,148.16,-23.52,"$112,836.96","$3,231.26"
1424176027,17/09/2018,12:14 AM,M,43,145.16,-37.84,"$13,784.06","$2,588.01"
1424176027,17/09/2018,5:31 AM,M,27,144.71,-37.58,"$7,254.36","$1,396.23"
414431115,17/09/2018,10:19 AM,F,43,145.35,-38.03,"$30,914.92",$664.43
1438600314,17/09/2018,8:09 PM,F,24,145.45,-37.74,"$3,975.76","$1,059.84"
3741880913,17/09/2018,1:12 PM,M,19,115.98,-32.07,"$8,617.23",$990.55
3233697971,17/09/2018,8:38 AM,M,40,151.23,-33.96,"$13,334.24","$2,280.36"
1424176027,17/09/2018,5:16 PM,F,30,149.83,-29.47,"$8,048.82","$1,636.72"
1037050564,17/09/2018,4:19 PM,M,28,147.63,-22.84,"$12,325.14","$2,538.68"
414431115,17/09/2018,11:02 AM,F,19,150.82,-34.01,"$11,850.78","$3,977.46"
1608363396,18/09/2018,5:31 AM,M,18,153.41,-28.01,"$14,022.13","$4,132.23"
958000567,18/09/2018,5:45 AM,F,35,144.96,-37.84,"$16,407.89","$2,443.24"
958000567,18/09/2018,5:45 AM,M,31,150.92,-33.77,"$4,473.58",$996.24
1443681913,18/09/2018,7:55 AM,F,18,138.61,-34.89,"$4,354.21",$761.33
2897221629,18/09/2018,1:40 AM,F,21,114.62,-28.8,"$5,324.35","$1,037.07"
2305712452,18/09/2018,12:00 AM,M,38,138.67,-34.86,"$6,380.41","$2,500.00"
211792489,18/09/2018,12:00 AM,M,38,138.67,-34.86,"$8,880.41","$2,500.00"
1037050564,18/09/2018,11:16 AM,F,53,153.03,-27.51,"$4,567.21",$970.47
1598451071,18/09/2018,7:40 PM,M,42,144.98,-37.84,"$39,382.38","$1,757.82"
1037050564,18/09/2018,3:07 AM,M,38,151.23,-33.94,"$1,003.11","$1,002.13"
3771436525,18/09/2018,4:48 PM,M,20,145.04,-37.92,"$4,855.90","$1,099.70"
414431115,18/09/2018,11:16 AM,F,47,115.72,-32.28,"$6,821.13","$1,272.47"
3536132544,18/09/2018,2:38 PM,F,34,130.9,-12.37,"$8,571.85","$3,517.61"
574997646,18/09/2018,5:02 PM,M,23,150.9,-34.37,"$5,094.51",$982.71
1598451071,19/09/2018,8:52 AM,F,19,145.15,-37.76,"$7,801.10","$2,485.37"
3233697971,19/09/2018,11:31 AM,F,23,145.01,-37.93,"$11,435.44","$1,626.48"
3541460373,19/09/2018,8:38 AM,M,22,151.18,-33.8,"$8,775.14",$983.36
2897221629,19/09/2018,3:07 PM,F,21,130.84,-12.45,"$5,042.29","$2,306.63"
1496451953,19/09/2018,12:57 AM,F,43,144.95,-37.76,"$5,420.91","$1,068.04"
1222300524,19/09/2018,4:04 PM,F,26,153.41,-27.95,"$2,727.43","$1,013.67"
1903037542,19/09/2018,9:50 PM,M,26,115.78,-31.9,"$6,638.45","$1,098.91"
37709441,19/09/2018,3:36 AM,F,30,145.04,-37.85,"$6,481.87","$1,158.15"
37709441,19/09/2018,2:52 AM,M,69,144.96,-37.76,"$7,178.00","$1,043.12"
3485804958,19/09/2018,11:45 AM,F,20,150.68,-33.79,"$8,279.86","$1,395.49"
3741880913,19/09/2018,6:14 PM,M,19,146.94,-36.04,"$13,456.90","$2,639.76"
964839203,20/09/2018,12:14 PM,F,41,144.93,-37.79,"$5,999.62","$2,101.51"
3233697971,20/09/2018,5:02 PM,F,26,149.03,-34.97,"$8,135.22",$920.71
588564840,20/09/2018,10:33 PM,F,19,144.66,-37.91,"$14,053.84","$3,676.94"
3485804958,20/09/2018,10:04 AM,M,78,145.09,-37.82,"$55,110.06",$782.42
3689607373,20/09/2018,8:09 AM,M,44,144.79,-37.73,"$8,809.04","$2,887.34"
1279356312,20/09/2018,11:31 PM,M,40,115.83,-31.9,"$70,242.78","$8,835.98"
414431115,20/09/2018,1:55 PM,M,42,150.9,-33.78,"$5,514.14","$1,681.58"
1222300524,20/09/2018,7:12 AM,M,20,151.22,-33.87,"$7,529.70","$2,320.30"
1496451953,20/09/2018,11:16 PM,M,22,151.08,-33.93,"$6,993.27","$1,928.97"
3481401842,20/09/2018,7:55 AM,M,44,145.18,-37.9,"$5,721.18",$596.33
3879258709,20/09/2018,6:00 PM,M,37,149.19,-21.15,"$6,898.09",$916.75
1037050564,20/09/2018,4:19 PM,F,18,153.09,-27.48,"$3,757.83","$1,537.68"
354106658,20/09/2018,8:24 PM,M,25,115.79,-31.94,"$10,173.73","$2,687.85"
1037050564,20/09/2018,7:40 AM,F,35,150.62,-33.76,"$5,264.22",$725.32
414431115,21/09/2018,10:48 PM,M,38,151.27,-33.9,"$40,947.46","$1,880.95"
3481401842,21/09/2018,6:57 PM,F,20,115.79,-31.79,"$6,614.30","$1,138.79"
4065652575,21/09/2018,10:48 AM,M,37,153.32,-27.93,"$4,630.53",$917.45
3481401842,21/09/2018,12:00 AM,F,64,147.31,-42.88,"$3,037.69",$576.00
1710017148,21/09/2018,7:55 AM,F,25,115.74,-31.72,"$6,113.27","$1,225.33"
3481401842,21/09/2018,1:40 PM,F,40,138.58,-34.96,"$13,179.17","$1,946.57"
1222300524,21/09/2018,6:57 AM,F,18,150.79,-33.64,"$4,135.17","$1,952.29"
3541460373,21/09/2018,12:14 PM,M,38,143.88,-37.66,"$16,609.05","$3,649.51"
602667573,21/09/2018,4:04 PM,M,35,151.68,-32.98,"$11,829.28","$2,308.67"
3541460373,21/09/2018,12:14 PM,M,28,144.97,-37.42,"$7,136.00","$1,916.51"
1903037542,21/09/2018,4:48 AM,M,21,146.92,-36.07,"$36,270.87","$1,560.20"
1903037542,21/09/2018,10:48 AM,F,46,151.09,-33.91,"$21,463.53","$2,470.45"
1516130869,21/09/2018,11:02 PM,M,46,144.99,-37.9,"$264,519.11","$2,179.96"
1222300524,21/09/2018,6:14 PM,M,35,153.02,-27.66,"$15,631.73","$2,544.76"
414431115,24/09/2018,9:21 AM,F,34,151.04,-33.77,"$9,760.77","$1,711.39"
4065652575,24/09/2018,2:09 AM,F,40,153.1,-27.66,"$4,465.56",$892.09
1973887809,24/09/2018,3:21 AM,F,26,151.27,-33.85,"$4,863.09","$1,843.14"
1222300524,24/09/2018,7:55 PM,M,20,145.23,-37.86,"$7,178.30","$1,640.83"
1890605467,24/09/2018,10:48 PM,F,35,138.69,-34.84,"$3,272.79",$862.95
4258502723,24/09/2018,12:28 PM,M,31,151.11,-33.99,"$9,468.98","$2,886.52"
3317636250,24/09/2018,12:14 AM,M,43,145.16,-37.84,"$15,391.73","$2,588.01"
966140392,24/09/2018,5:31 AM,M,27,144.71,-37.58,"$8,100.28","$1,396.23"
1799207998,24/09/2018,10:19 AM,F,43,145.35,-38.03,"$31,541.35",$664.43
1516130869,24/09/2018,8:09 PM,F,24,145.45,-37.74,"$4,682.77","$1,059.84"
958000567,24/09/2018,1:12 PM,M,19,115.98,-32.07,"$9,465.08",$990.55
2890243754,24/09/2018,8:38 AM,M,40,151.23,-33.96,"$15,337.60","$2,280.36"
1799207998,24/09/2018,1:26 PM,F,24,116,-31.88,"$7,076.21","$3,712.56"
1652235822,24/09/2018,5:16 PM,F,30,149.83,-29.47,"$9,530.54","$1,636.72"
958000567,24/09/2018,5:45 PM,M,19,115.9,-31.92,"$59,584.84","$2,854.74"
1799207998,24/09/2018,6:28 PM,M,28,151.12,-33.89,"$42,425.26","$4,054.77"
1037050564,25/09/2018,5:45 AM,F,35,144.96,-37.84,"$17,307.33","$2,443.24"
2305712452,25/09/2018,12:14 PM,M,33,145.13,-37.7,"$64,558.32","$2,718.51"
958000567,25/09/2018,5:45 AM,M,31,150.92,-33.77,"$4,109.09",$996.24
1222300524,25/09/2018,7:26 PM,M,42,149.03,-35.25,"$17,783.98","$1,757.81"
53508546,25/09/2018,7:55 AM,F,18,138.61,-34.89,"$4,991.65",$761.33
3021093232,25/09/2018,1:40 AM,F,21,114.62,-28.8,"$5,772.74","$1,037.07"
3485804958,25/09/2018,11:16 AM,F,53,153.03,-27.51,"$5,199.68",$970.47
1037050564,25/09/2018,3:07 AM,M,38,151.23,-33.94,"$1,213.26","$1,002.13"
2901672282,25/09/2018,2:52 AM,F,38,144.89,-37.81,"$21,251.74","$1,541.12"
2673069055,25/09/2018,4:48 PM,M,20,145.04,-37.92,"$5,178.63","$1,099.70"
2901672282,25/09/2018,11:16 AM,F,47,115.72,-32.28,"$5,243.60","$1,272.47"
4065652575,25/09/2018,5:02 PM,M,23,150.9,-34.37,"$5,796.61",$982.71
3481401842,26/09/2018,10:48 PM,M,23,151.27,-33.76,"$17,906.31","$3,903.95"
3100725361,26/09/2018,11:31 AM,F,23,145.01,-37.93,"$12,638.92","$1,626.48"
1598451071,26/09/2018,8:38 AM,M,22,151.18,-33.8,"$9,365.49",$983.36
2673069055,26/09/2018,1:55 AM,M,24,145,-37.83,"$4,257.85","$1,408.08"
182446574,26/09/2018,2:52 PM,F,27,147.61,-37.82,"$4,863.86","$4,863.62"
847145727,26/09/2018,12:57 AM,F,43,144.95,-37.76,"$6,416.95","$1,068.04"
1683215619,26/09/2018,4:04 PM,F,26,153.41,-27.95,"$3,365.26","$1,013.67"
1222300524,26/09/2018,5:31 AM,M,25,145.73,-17.03,"$6,111.57","$6,107.23"
1652235822,26/09/2018,5:31 PM,F,34,138.52,-35.01,"$25,958.84","$3,903.73"
847145727,26/09/2018,9:50 PM,M,26,115.78,-31.9,"$7,602.45","$1,098.91"
1903037542,26/09/2018,9:07 AM,M,38,130.98,-12.49,"$59,373.39","$2,647.38"
2249586092,26/09/2018,3:36 AM,F,30,145.04,-37.85,"$7,409.85","$1,158.15"
1903037542,26/09/2018,2:52 AM,M,69,144.96,-37.76,"$7,754.20","$1,043.12"
2890243754,26/09/2018,11:45 AM,F,20,150.68,-33.79,"$9,352.85","$1,395.49"
1903037542,26/09/2018,3:21 AM,M,39,145.17,-37.84,"$14,588.66","$3,071.14"
1890605467,27/09/2018,5:02 PM,F,26,149.03,-34.97,"$8,904.93",$920.71
4258502723,27/09/2018,10:04 AM,M,78,145.09,-37.82,"$55,854.48",$782.42
2249586092,27/09/2018,5:31 PM,M,22,145.03,-37.88,"$9,154.85","$2,218.73"
1710017148,27/09/2018,2:52 PM,M,30,153.05,-27.61,"$4,589.35","$1,808.62"
964839203,27/09/2018,7:55 AM,M,44,145.18,-37.9,"$6,317.51",$596.33
154431271,27/09/2018,11:31 PM,M,26,144.89,-37.69,"$10,367.22","$1,433.98"
154431271,27/09/2018,8:38 AM,F,43,142.77,-37.06,"$4,824.83","$1,630.36"
559365433,27/09/2018,6:00 PM,M,37,149.19,-21.15,"$7,728.84",$916.75
2890243754,27/09/2018,12:14 AM,M,22,145.03,-37.91,"$50,843.14","$3,195.01"
3879258709,27/09/2018,7:40 AM,F,35,150.62,-33.76,"$5,974.50",$725.32
211792489,28/09/2018,10:48 PM,M,38,151.27,-33.9,"$42,501.36","$1,880.95"
1683215619,28/09/2018,6:57 PM,F,20,115.79,-31.79,"$7,374.67","$1,138.79"
4258502723,28/09/2018,10:48 AM,M,37,153.32,-27.93,"$4,734.04",$917.45
2890243754,28/09/2018,4:19 PM,F,21,145.06,-37.95,"$8,577.56","$2,023.68"
1788473090,28/09/2018,6:43 PM,M,52,116.02,-31.87,"$14,490.97","$3,785.78"
2305712452,28/09/2018,12:00 AM,F,64,147.31,-42.88,"$3,583.69",$576.00
3100725361,28/09/2018,7:55 AM,F,25,115.74,-31.72,"$6,407.21","$1,225.33"
4258502723,28/09/2018,1:40 PM,F,40,138.58,-34.96,"$14,874.05","$1,946.57"
1279356312,28/09/2018,11:31 PM,F,50,144.96,-37.69,"$28,733.62","$1,436.98"
3485804958,28/09/2018,3:36 AM,F,27,116.06,-32,"$8,287.07","$2,840.15"
2528867619,28/09/2018,8:38 AM,F,25,150.5,-23.4,"$10,368.02","$2,282.36"
2890243754,28/09/2018,4:48 AM,M,21,146.92,-36.07,"$37,560.21","$1,560.20"
1799207998,28/09/2018,6:28 PM,M,22,255,-573,"$9,875.28","$3,328.77"
3485804958,28/09/2018,6:14 PM,M,35,153.02,-27.66,"$16,788.49","$2,544.76"
3827517394,28/09/2018,9:50 PM,M,21,147.08,-37.97,"$9,098.13","$2,572.91"
3485804958,1/10/2018,3:36 PM,M,21,115.81,-31.82,"$12,500.64","$3,578.65"
2970114956,1/10/2018,9:21 AM,F,34,151.04,-33.77,"$11,185.81","$1,711.39"
3481401842,1/10/2018,2:09 AM,F,40,153.1,-27.66,"$4,494.64",$892.09
1037050564,1/10/2018,7:12 AM,M,29,121.48,-30.75,"$19,236.36","$4,405.30"
4065652575,1/10/2018,12:57 AM,F,40,143.83,-37.66,"$203,046.00","$4,216.04"
3485804958,1/10/2018,10:48 PM,F,35,138.69,-34.84,"$4,055.74",$862.95
1598451071,1/10/2018,6:14 AM,M,42,148.16,-23.52,"$115,674.97","$3,231.26"
182446574,1/10/2018,12:14 AM,M,43,145.16,-37.84,"$17,543.05","$2,588.01"
1037050564,1/10/2018,5:31 AM,M,27,144.71,-37.58,"$9,098.06","$1,396.23"
1199531521,1/10/2018,10:19 AM,F,43,145.35,-38.03,"$32,167.78",$664.43
2970114956,1/10/2018,8:09 PM,F,24,145.45,-37.74,"$4,946.07","$1,059.84"
1598451071,1/10/2018,1:12 PM,M,19,115.98,-32.07,"$10,387.63",$990.55
4258502723,1/10/2018,8:38 AM,M,40,151.23,-33.96,"$17,215.49","$2,280.36"
1199531521,1/10/2018,5:16 PM,F,30,149.83,-29.47,"$9,127.16","$1,636.72"
1598451071,1/10/2018,4:19 PM,M,28,147.63,-22.84,"$13,644.01","$2,538.68"
1598451071,1/10/2018,11:02 AM,F,19,150.82,-34.01,"$14,850.71","$3,977.46"
3771436525,2/10/2018,5:31 AM,M,18,153.41,-28.01,"$17,139.54","$4,132.23"
2681137560,2/10/2018,5:45 AM,F,35,144.96,-37.84,"$19,619.57","$2,443.24"
1222300524,2/10/2018,5:45 AM,M,31,150.92,-33.77,"$5,033.11",$996.24
182446574,2/10/2018,7:55 AM,F,18,138.61,-34.89,"$5,525.93",$761.33
3485804958,2/10/2018,1:40 AM,F,21,114.62,-28.8,"$6,300.23","$1,037.07"
2673069055,2/10/2018,11:16 AM,F,53,153.03,-27.51,"$6,042.15",$970.47
2153562714,2/10/2018,7:40 PM,M,42,144.98,-37.84,"$40,675.20","$1,757.82"
182446574,2/10/2018,3:07 AM,M,38,151.23,-33.94,"$1,592.49","$1,002.13"
1710017148,2/10/2018,4:48 PM,M,20,145.04,-37.92,"$5,077.98","$1,099.70"
966140392,2/10/2018,11:16 AM,F,47,115.72,-32.28,"$6,388.07","$1,272.47"
3485804958,2/10/2018,2:38 PM,F,34,130.9,-12.37,"$9,391.41","$3,517.61"
3317636250,2/10/2018,5:02 PM,M,23,150.9,-34.37,"$6,572.32",$982.71
1683215619,3/10/2018,8:52 AM,F,19,145.15,-37.76,"$9,848.49","$2,485.37"
3485804958,3/10/2018,11:31 AM,F,23,145.01,-37.93,"$14,149.40","$1,626.48"
3084464802,3/10/2018,8:38 AM,M,22,151.18,-33.8,"$10,348.85",$983.36
1598451071,3/10/2018,3:07 PM,F,21,130.84,-12.45,"$4,995.95","$2,306.63"
2171593283,3/10/2018,12:57 AM,F,43,144.95,-37.76,"$7,215.99","$1,068.04"
1598451071,3/10/2018,4:04 PM,F,26,153.41,-27.95,"$3,435.21","$1,013.67"
3100725361,3/10/2018,9:50 PM,M,26,115.78,-31.9,"$7,159.90","$1,098.91"
1222300524,3/10/2018,3:36 AM,F,30,145.04,-37.85,"$7,971.43","$1,158.15"
80388494,3/10/2018,2:52 AM,M,69,144.96,-37.76,"$8,392.68","$1,043.12"
3689607373,3/10/2018,11:45 AM,F,20,150.68,-33.79,"$8,058.58","$1,395.49"
2897221629,3/10/2018,6:14 PM,M,19,146.94,-36.04,"$15,631.99","$2,639.76"
3021093232,4/10/2018,12:14 PM,F,41,144.93,-37.79,"$7,333.65","$2,101.51"
1279356312,4/10/2018,5:02 PM,F,26,149.03,-34.97,"$9,674.64",$920.71
80388494,4/10/2018,10:33 PM,F,19,144.66,-37.91,"$17,337.78","$3,676.94"
1890605467,4/10/2018,10:04 AM,M,78,145.09,-37.82,"$56,598.90",$782.42
3021093232,4/10/2018,8:09 AM,M,44,144.79,-37.73,"$10,854.80","$2,887.34"
1279356312,4/10/2018,1:55 PM,M,42,150.9,-33.78,"$7,005.72","$1,681.58"
3485804958,4/10/2018,7:12 AM,M,20,151.22,-33.87,"$8,939.31","$2,320.30"
3541460373,4/10/2018,11:16 PM,M,22,151.08,-33.93,"$8,533.91","$1,928.97"
182446574,4/10/2018,7:55 AM,M,44,145.18,-37.9,"$6,756.84",$596.33
2305712452,4/10/2018,6:00 PM,M,37,149.19,-21.15,"$8,165.59",$916.75
2265520058,4/10/2018,4:19 PM,F,18,153.09,-27.48,"$3,391.29","$1,537.68"
182446574,4/10/2018,8:24 PM,M,25,115.79,-31.94,"$12,539.58","$2,687.85"
1598451071,4/10/2018,7:40 AM,F,35,150.62,-33.76,"$6,566.87",$725.32
1598451071,5/10/2018,10:48 PM,M,38,151.27,-33.9,"$44,205.31","$1,880.95"
3485804958,5/10/2018,6:57 PM,F,20,115.79,-31.79,"$7,952.89","$1,138.79"
3100725361,5/10/2018,10:48 AM,M,37,153.32,-27.93,"$5,281.59",$917.45
3689607373,5/10/2018,12:00 AM,F,64,147.31,-42.88,"$3,997.67",$576.00
2528867619,5/10/2018,7:55 AM,F,25,115.74,-31.72,"$7,172.30","$1,225.33"
3689607373,5/10/2018,1:40 PM,F,40,138.58,-34.96,"$16,629.46","$1,946.57"
2265520058,5/10/2018,6:57 AM,F,18,150.79,-33.64,"$5,367.00","$1,952.29"
574997646,5/10/2018,12:14 PM,M,38,143.88,-37.66,"$19,467.40","$3,649.51"
2305712452,5/10/2018,4:04 PM,M,35,151.68,-32.98,"$11,740.70","$2,308.67"
1598451071,5/10/2018,12:14 PM,M,28,144.97,-37.42,"$7,530.55","$1,916.51"
4258502723,5/10/2018,4:48 AM,M,21,146.92,-36.07,"$38,970.35","$1,560.20"
854938045,5/10/2018,10:48 AM,F,46,151.09,-33.91,"$22,761.41","$2,470.45"
2305712452,5/10/2018,10:48 PM,M,20,138.56,-35.27,"$14,448.78","$3,026.95"
3689607373,5/10/2018,10:48 PM,M,20,138.56,-35.27,"$17,475.73","$3,026.95"
3881031190,5/10/2018,11:02 PM,M,46,144.99,-37.9,"$266,469.07","$2,179.96"
3881031190,5/10/2018,6:14 PM,M,35,153.02,-27.66,"$14,387.37","$2,544.76"
2673069055,8/10/2018,9:21 AM,F,34,151.04,-33.77,"$12,496.05","$1,711.39"
3084464802,8/10/2018,2:09 AM,F,40,153.1,-27.66,"$4,545.77",$892.09
3771436525,8/10/2018,3:21 AM,F,26,151.27,-33.85,"$6,548.23","$1,843.14"
3827517394,8/10/2018,7:55 PM,M,20,145.23,-37.86,"$8,638.20","$1,640.83"
3827517394,8/10/2018,10:48 PM,F,35,138.69,-34.84,"$4,838.69",$862.95
3827517394,8/10/2018,12:28 PM,M,31,151.11,-33.99,"$11,684.97","$2,886.52"
964839203,8/10/2018,12:14 AM,M,43,145.16,-37.84,"$20,005.06","$2,588.01"
1222300524,8/10/2018,5:31 AM,M,27,144.71,-37.58,"$10,162.29","$1,396.23"
2673069055,8/10/2018,10:19 AM,F,43,145.35,-38.03,"$32,794.21",$664.43
1973887809,8/10/2018,8:09 PM,F,24,145.45,-37.74,"$5,301.60","$1,059.84"
1443681913,8/10/2018,1:12 PM,M,19,115.98,-32.07,"$10,766.72",$990.55
1037050564,8/10/2018,8:38 AM,M,40,151.23,-33.96,"$18,606.85","$2,280.36"
1037050564,8/10/2018,5:16 PM,F,30,149.83,-29.47,"$10,687.82","$1,636.72"
1279356312,8/10/2018,5:45 PM,M,19,115.9,-31.92,"$61,632.61","$2,854.74"
3084464802,8/10/2018,6:28 PM,M,28,151.12,-33.89,"$45,187.76","$4,054.77"
1037050564,9/10/2018,5:45 AM,F,35,144.96,-37.84,"$21,702.81","$2,443.24"
1903037542,9/10/2018,12:14 PM,M,33,145.13,-37.7,"$65,929.46","$2,718.51"
2673069055,9/10/2018,5:45 AM,M,31,150.92,-33.77,"$5,692.83",$996.24
3481401842,9/10/2018,7:26 PM,M,42,149.03,-35.25,"$19,041.24","$1,757.81"
90814749,9/10/2018,7:55 AM,F,18,138.61,-34.89,"$6,174.30",$761.33
2305712452,9/10/2018,1:40 AM,F,21,114.62,-28.8,"$7,127.99","$1,037.07"
1222300524,9/10/2018,11:16 AM,F,53,153.03,-27.51,"$6,864.62",$970.47
1222300524,9/10/2018,3:07 AM,M,38,151.23,-33.94,"$1,561.23","$1,002.13"
1056639002,9/10/2018,2:52 AM,F,38,144.89,-37.81,"$21,581.92","$1,541.12"
2970114956,9/10/2018,4:48 PM,M,20,145.04,-37.92,"$5,981.11","$1,099.70"
1279356312,9/10/2018,11:16 AM,F,47,115.72,-32.28,"$7,532.54","$1,272.47"
964839203,9/10/2018,5:02 PM,M,23,150.9,-34.37,"$7,323.66",$982.71
3100725361,10/10/2018,10:48 PM,M,23,151.27,-33.76,"$21,236.51","$3,903.95"
414431115,10/10/2018,11:31 AM,F,23,145.01,-37.93,"$15,659.88","$1,626.48"
1903037542,10/10/2018,8:38 AM,M,22,151.18,-33.8,"$11,101.21",$983.36
414431115,10/10/2018,1:55 AM,M,24,145,-37.83,"$4,756.59","$1,408.08"
2107684084,10/10/2018,12:57 AM,F,43,144.95,-37.76,"$7,998.23","$1,068.04"
2890243754,10/10/2018,4:04 PM,F,26,153.41,-27.95,"$2,066.52","$1,013.67"
3100725361,10/10/2018,5:31 PM,F,34,138.52,-35.01,"$28,529.10","$3,903.73"
2970114956,10/10/2018,9:50 PM,M,26,115.78,-31.9,"$7,845.61","$1,098.91"
1496451953,10/10/2018,9:07 AM,M,38,130.98,-12.49,"$61,609.31","$2,647.38"
182446574,10/10/2018,3:36 AM,F,30,145.04,-37.85,"$8,854.58","$1,158.15"
1349834573,10/10/2018,2:52 AM,M,69,144.96,-37.76,"$9,239.26","$1,043.12"
2305712452,10/10/2018,11:45 AM,F,20,150.68,-33.79,"$9,159.27","$1,395.49"
80388494,10/10/2018,3:21 AM,M,39,145.17,-37.84,"$16,713.09","$3,071.14"
1598451071,11/10/2018,5:02 PM,F,26,149.03,-34.97,"$10,444.35",$920.71
90814749,11/10/2018,10:04 AM,M,78,145.09,-37.82,"$57,343.32",$782.42
4258502723,11/10/2018,5:31 PM,M,22,145.03,-37.88,"$10,754.23","$2,218.73"
80388494,11/10/2018,2:52 PM,M,30,153.05,-27.61,"$5,694.13","$1,808.62"
1598451071,11/10/2018,7:55 AM,M,44,145.18,-37.9,"$6,930.24",$596.33
3741880913,11/10/2018,11:31 PM,M,26,144.89,-37.69,"$11,491.10","$1,433.98"
2528867619,11/10/2018,8:38 AM,F,43,142.77,-37.06,"$6,055.88","$1,630.36"
3741880913,11/10/2018,6:00 PM,M,37,149.19,-21.15,"$9,082.34",$916.75
1349834573,11/10/2018,12:14 AM,M,22,145.03,-37.91,"$53,645.30","$3,195.01"
1349834573,11/10/2018,7:40 AM,F,35,150.62,-33.76,"$5,896.25",$725.32
1598451071,12/10/2018,10:48 PM,M,38,151.27,-33.9,"$45,539.67","$1,880.95"
4258502723,12/10/2018,6:57 PM,F,20,115.79,-31.79,"$7,716.77","$1,138.79"
3233697971,12/10/2018,10:48 AM,M,37,153.32,-27.93,"$1,911.03",$917.45
1443681913,12/10/2018,4:19 PM,F,21,145.06,-37.95,"$9,926.89","$2,023.68"
1222300524,12/10/2018,6:43 PM,M,52,116.02,-31.87,"$17,697.63","$3,785.78"
182446574,12/10/2018,12:00 AM,F,64,147.31,-42.88,"$4,316.68",$576.00
4059612845,12/10/2018,7:55 AM,F,25,115.74,-31.72,"$7,668.99","$1,225.33"
1222300524,12/10/2018,1:40 PM,F,40,138.58,-34.96,"$17,999.41","$1,946.57"
182446574,12/10/2018,11:31 PM,F,50,144.96,-37.69,"$29,795.19","$1,436.98"
1973887809,12/10/2018,3:36 AM,F,27,116.06,-32,"$9,707.53","$2,840.15"
3689607373,12/10/2018,8:38 AM,F,25,150.5,-23.4,"$12,061.00","$2,282.36"
1344825761,12/10/2018,4:48 AM,M,21,146.92,-36.07,"$40,313.82","$1,560.20"
1973887809,12/10/2018,6:28 PM,M,22,255,-573,"$11,817.46","$3,328.77"
3689607373,12/10/2018,6:14 PM,M,35,153.02,-27.66,"$16,676.21","$2,544.76"
3954677887,12/10/2018,9:50 PM,M,21,147.08,-37.97,"$10,156.85","$2,572.91"
182446574,15/10/2018,3:36 PM,M,21,115.81,-31.82,"$15,678.86","$3,578.65"
3233697971,15/10/2018,9:21 AM,F,34,151.04,-33.77,"$13,605.62","$1,711.39"
4258502723,15/10/2018,2:09 AM,F,40,153.1,-27.66,"$5,131.42",$892.09
3317636250,15/10/2018,7:12 AM,M,29,121.48,-30.75,"$22,784.93","$4,405.30"
574997646,15/10/2018,12:57 AM,F,40,143.83,-37.66,"$206,051.63","$4,216.04"
2249586092,15/10/2018,10:48 PM,F,35,138.69,-34.84,"$5,308.98",$862.95
354106658,15/10/2018,6:14 AM,M,42,148.16,-23.52,"$118,342.23","$3,231.26"
3317636250,15/10/2018,12:14 AM,M,43,145.16,-37.84,"$22,036.89","$2,588.01"
3317636250,15/10/2018,5:31 AM,M,27,144.71,-37.58,"$11,405.52","$1,396.23"
3100725361,15/10/2018,10:19 AM,F,43,145.35,-38.03,"$33,319.64",$664.43
1438600314,15/10/2018,8:09 PM,F,24,145.45,-37.74,"$5,990.08","$1,059.84"
1598451071,15/10/2018,1:12 PM,M,19,115.98,-32.07,"$11,555.84",$990.55
3941181087,15/10/2018,8:38 AM,M,40,151.23,-33.96,"$20,359.78","$2,280.36"
38923874,15/10/2018,5:16 PM,F,30,149.83,-29.47,"$11,434.80","$1,636.72"
3317636250,15/10/2018,12:14 PM,F,39,151.04,-33.8,"$19,032.03","$5,103.51"
1903037542,15/10/2018,12:14 PM,F,39,151.04,-33.8,"$24,135.54","$5,103.51"
2890243754,15/10/2018,4:19 PM,M,28,147.63,-22.84,"$14,561.34","$2,538.68"
38923874,15/10/2018,11:02 AM,F,19,150.82,-34.01,"$17,663.99","$3,977.46"
3481401842,16/10/2018,5:31 AM,M,18,153.41,-28.01,"$20,639.81","$4,132.23"
3879258709,16/10/2018,5:45 AM,F,35,144.96,-37.84,"$22,948.05","$2,443.24"
3741880913,16/10/2018,5:45 AM,M,31,150.92,-33.77,"$4,734.94",$996.24
53508546,16/10/2018,7:55 AM,F,18,138.61,-34.89,"$6,657.10",$761.33
958000567,16/10/2018,1:40 AM,F,21,114.62,-28.8,"$8,137.06","$1,037.07"
3536132544,16/10/2018,11:16 AM,F,53,153.03,-27.51,"$7,835.09",$970.47
2890243754,16/10/2018,7:40 PM,M,42,144.98,-37.84,"$42,287.02","$1,757.82"
182446574,16/10/2018,3:07 AM,M,38,151.23,-33.94,"$2,245.02","$1,002.13"
1973887809,16/10/2018,4:48 PM,M,20,145.04,-37.92,"$6,820.47","$1,099.70"
2681137560,16/10/2018,11:16 AM,F,47,115.72,-32.28,"$8,677.01","$1,272.47"
3827517394,16/10/2018,2:38 PM,F,34,130.9,-12.37,"$11,860.84","$3,517.61"
3536132544,16/10/2018,5:02 PM,M,23,150.9,-34.37,"$7,850.26",$982.71
4258502723,17/10/2018,8:52 AM,F,19,145.15,-37.76,"$11,464.28","$2,485.37"
1799207998,17/10/2018,11:31 AM,F,23,145.01,-37.93,"$17,016.36","$1,626.48"
3536132544,17/10/2018,8:38 AM,M,22,151.18,-33.8,"$12,084.57",$983.36
3536132544,17/10/2018,3:07 PM,F,21,130.84,-12.45,"$7,021.14","$2,306.63"
1516130869,17/10/2018,12:57 AM,F,43,144.95,-37.76,"$8,816.27","$1,068.04"
1799207998,17/10/2018,4:04 PM,F,26,153.41,-27.95,"$1,626.37","$1,013.67"
966140392,17/10/2018,9:50 PM,M,26,115.78,-31.9,"$8,356.59","$1,098.91"
1443681913,17/10/2018,3:36 AM,F,30,145.04,-37.85,"$9,327.64","$1,158.15"
1598451071,17/10/2018,2:52 AM,M,69,144.96,-37.76,"$10,065.15","$1,043.12"
354106658,17/10/2018,11:45 AM,F,20,150.68,-33.79,"$9,770.19","$1,395.49"
2776252858,17/10/2018,6:14 PM,M,19,146.94,-36.04,"$17,841.10","$2,639.76"
3233697971,18/10/2018,12:14 PM,F,41,144.93,-37.79,"$8,727.47","$2,101.51"
3100725361,18/10/2018,5:02 PM,F,26,149.03,-34.97,"$11,050.06",$920.71
182446574,18/10/2018,10:33 PM,F,19,144.66,-37.91,"$20,858.72","$3,676.94"
559365433,18/10/2018,10:04 AM,M,78,145.09,-37.82,"$58,087.74",$782.42
559365433,18/10/2018,8:09 AM,M,44,144.79,-37.73,"$12,625.91","$2,887.34"
2673069055,18/10/2018,1:55 PM,M,42,150.9,-33.78,"$6,599.68","$1,681.58"
966140392,18/10/2018,7:12 AM,M,20,151.22,-33.87,"$9,739.88","$2,320.30"
37709441,18/10/2018,11:16 PM,M,22,151.08,-33.93,"$10,185.91","$1,928.97"
3954677887,18/10/2018,7:55 AM,M,44,145.18,-37.9,"$7,218.79",$596.33
354106658,18/10/2018,12:00 AM,M,38,138.67,-34.86,"$9,344.75","$2,500.00"
2681137560,18/10/2018,12:00 AM,M,38,138.67,-34.86,"$11,844.75","$2,500.00"
2673069055,18/10/2018,6:00 PM,M,37,149.19,-21.15,"$8,501.79",$916.75
1903037542,18/10/2018,4:19 PM,F,18,153.09,-27.48,"$3,460.03","$1,537.68"
1903037542,18/10/2018,8:24 PM,M,25,115.79,-31.94,"$14,907.43","$2,687.85"
2673069055,18/10/2018,7:40 AM,F,35,150.62,-33.76,"$6,560.03",$725.32
966140392,19/10/2018,10:48 PM,M,38,151.27,-33.9,"$43,783.52","$1,880.95"
2776252858,19/10/2018,6:57 PM,F,20,115.79,-31.79,"$8,236.54","$1,138.79"
1710017148,19/10/2018,10:48 AM,M,37,153.32,-27.93,"$2,293.80",$917.45
3941181087,19/10/2018,12:00 AM,F,64,147.31,-42.88,"$4,241.98",$576.00
1598451071,19/10/2018,7:55 AM,F,25,115.74,-31.72,"$8,302.41","$1,225.33"
4065652575,19/10/2018,11:31 PM,M,40,115.83,-31.9,"$77,054.31","$8,835.98"
574997646,19/10/2018,11:31 PM,M,40,115.83,-31.9,"$85,890.29","$8,835.98"
2673069055,19/10/2018,1:40 PM,F,40,138.58,-34.96,"$19,628.00","$1,946.57"
3233697971,19/10/2018,6:57 AM,F,18,150.79,-33.64,"$6,988.76","$1,952.29"
4065652575,19/10/2018,12:14 PM,M,38,143.88,-37.66,"$22,337.94","$3,649.51"
1683215619,19/10/2018,4:04 PM,M,35,151.68,-32.98,"$13,218.68","$2,308.67"
182446574,19/10/2018,12:14 PM,M,28,144.97,-37.42,"$7,658.48","$1,916.51"
966140392,19/10/2018,4:48 AM,M,21,146.92,-36.07,"$41,292.80","$1,560.20"
966140392,19/10/2018,10:48 AM,F,46,151.09,-33.91,"$24,857.97","$2,470.45"
182446574,19/10/2018,11:02 PM,M,46,144.99,-37.9,"$267,128.52","$2,179.96"
966140392,19/10/2018,6:14 PM,M,35,153.02,-27.66,"$19,130.97","$2,544.76"
3233697971,22/10/2018,9:21 AM,F,34,151.04,-33.77,"$14,354.16","$1,711.39"
1037050564,22/10/2018,2:09 AM,F,40,153.1,-27.66,"$5,524.86",$892.09
2265520058,22/10/2018,3:21 AM,F,26,151.27,-33.85,"$7,496.65","$1,843.14"
4274272854,22/10/2018,7:55 PM,M,20,145.23,-37.86,"$10,064.07","$1,640.83"
1438600314,22/10/2018,10:48 PM,F,35,138.69,-34.84,"$5,982.48",$862.95
2681137560,22/10/2018,12:28 PM,M,31,151.11,-33.99,"$13,706.66","$2,886.52"
1496451953,22/10/2018,12:14 AM,M,43,145.16,-37.84,"$22,563.12","$2,588.01"
2173390920,22/10/2018,5:31 AM,M,27,144.71,-37.58,"$12,508.75","$1,396.23"
2615038700,22/10/2018,10:19 AM,F,43,145.35,-38.03,"$33,946.07",$664.43
4258502723,22/10/2018,8:09 PM,F,24,145.45,-37.74,"$6,203.64","$1,059.84"
2249586092,22/10/2018,1:12 PM,M,19,115.98,-32.07,"$12,439.49",$990.55
602667573,22/10/2018,8:38 AM,M,40,151.23,-33.96,"$22,286.42","$2,280.36"
3021093232,22/10/2018,5:16 PM,F,30,149.83,-29.47,"$12,739.58","$1,636.72"
847145727,22/10/2018,5:45 PM,M,19,115.9,-31.92,"$63,597.43","$2,854.74"
3827517394,22/10/2018,6:28 PM,M,28,151.12,-33.89,"$47,613.15","$4,054.77"
2231965366,23/10/2018,5:45 AM,F,35,144.96,-37.84,"$25,125.33","$2,443.24"
1334819143,23/10/2018,12:14 PM,M,33,145.13,-37.7,"$68,167.53","$2,718.51"
1443681913,23/10/2018,5:45 AM,M,31,150.92,-33.77,"$5,299.68",$996.24
1998563091,23/10/2018,7:26 PM,M,42,149.03,-35.25,"$20,269.03","$1,757.81"
2305712452,23/10/2018,7:55 AM,F,18,138.61,-34.89,"$7,022.35",$761.33
1990648130,23/10/2018,1:40 AM,F,21,114.62,-28.8,"$9,068.13","$1,037.07"
2828321672,23/10/2018,11:16 AM,F,53,153.03,-27.51,"$8,649.56",$970.47
1222300524,23/10/2018,3:07 AM,M,38,151.23,-33.94,"$2,758.28","$1,002.13"
1652235822,23/10/2018,2:52 AM,F,38,144.89,-37.81,"$22,480.73","$1,541.12"
3771436525,23/10/2018,4:48 PM,M,20,145.04,-37.92,"$7,773.73","$1,099.70"
3954677887,23/10/2018,11:16 AM,F,47,115.72,-32.28,"$9,107.27","$1,272.47"
211792489,23/10/2018,9:36 PM,F,30,138.63,-34.93,"$7,397.59","$4,910.90"
2897221629,23/10/2018,5:02 PM,M,23,150.9,-34.37,"$8,516.39",$982.71
588564840,24/10/2018,10:48 PM,M,23,151.27,-33.76,"$24,451.16","$3,903.95"
1650504218,24/10/2018,11:31 AM,F,23,145.01,-37.93,"$18,069.84","$1,626.48"
3326339947,24/10/2018,8:38 AM,M,22,151.18,-33.8,"$12,978.93",$983.36
3541460373,24/10/2018,1:55 AM,M,24,145,-37.83,"$5,402.55","$1,408.08"
2776252858,24/10/2018,12:57 AM,F,43,144.95,-37.76,"$9,812.31","$1,068.04"
1598451071,24/10/2018,4:04 PM,F,26,153.41,-27.95,"$1,966.78","$1,013.67"
2153562714,24/10/2018,1:26 PM,F,24,116,-31.88,"$9,707.77","$3,712.56"
3485804958,24/10/2018,5:31 PM,F,34,138.52,-35.01,"$31,350.50","$3,903.73"
1973887809,24/10/2018,9:50 PM,M,26,115.78,-31.9,"$8,630.16","$1,098.91"
4059612845,24/10/2018,9:07 AM,M,38,130.98,-12.49,"$63,656.55","$2,647.38"
819621312,24/10/2018,3:36 AM,F,30,145.04,-37.85,"$3,097.72","$1,158.15"
2920611728,24/10/2018,2:52 AM,M,69,144.96,-37.76,"$10,642.38","$1,043.12"
1799207998,24/10/2018,11:45 AM,F,20,150.68,-33.79,"$10,855.60","$1,395.49"
1349834573,24/10/2018,3:21 AM,M,39,145.17,-37.84,"$18,686.76","$3,071.14"
4163822186,25/10/2018,5:02 PM,F,26,149.03,-34.97,"$11,819.77",$920.71
721712940,25/10/2018,10:04 AM,M,78,145.09,-37.82,"$58,535.16",$782.42
2107684084,25/10/2018,5:31 PM,M,22,145.03,-37.88,"$12,459.42","$2,218.73"
1903037542,25/10/2018,2:52 PM,M,30,153.05,-27.61,"$5,674.58","$1,808.62"
2988263882,25/10/2018,7:55 AM,M,44,145.18,-37.9,"$6,564.12",$596.33
2970114956,25/10/2018,11:31 PM,M,26,144.89,-37.69,"$12,426.87","$1,433.98"
414431115,25/10/2018,8:38 AM,F,43,142.77,-37.06,"$6,988.64","$1,630.36"
3881031190,25/10/2018,6:00 PM,M,37,149.19,-21.15,"$9,332.54",$916.75
1056639002,25/10/2018,12:14 AM,M,22,145.03,-37.91,"$56,525.54","$3,195.01"
53508546,25/10/2018,7:40 AM,F,35,150.62,-33.76,"$7,163.07",$725.32
38923874,26/10/2018,10:48 PM,M,38,151.27,-33.9,"$45,032.02","$1,880.95"
3689607373,26/10/2018,6:57 PM,F,20,115.79,-31.79,"$9,068.07","$1,138.79"
2890243754,26/10/2018,10:48 AM,M,37,153.32,-27.93,"$2,680.40",$917.45
1788473090,26/10/2018,4:19 PM,F,21,145.06,-37.95,"$11,506.49","$2,023.68"
1199531521,26/10/2018,6:43 PM,M,52,116.02,-31.87,"$20,941.64","$3,785.78"
559365433,26/10/2018,12:00 AM,F,64,147.31,-42.88,"$4,671.32",$576.00
3481401842,26/10/2018,7:55 AM,F,25,115.74,-31.72,"$9,233.14","$1,225.33"
1217063613,26/10/2018,2:52 PM,F,27,147.61,-37.82,"$8,905.77","$4,863.62"
2528867619,26/10/2018,1:40 PM,F,40,138.58,-34.96,"$21,213.46","$1,946.57"
2674800293,26/10/2018,11:31 PM,F,50,144.96,-37.69,"$30,873.87","$1,436.98"
3100725361,26/10/2018,5:31 AM,M,25,145.73,-17.03,"$10,753.02","$6,107.23"
182446574,26/10/2018,3:36 AM,F,27,116.06,-32,"$11,553.31","$2,840.15"
3741880913,26/10/2018,8:38 AM,F,25,150.5,-23.4,"$13,458.60","$2,282.36"
964839203,26/10/2018,4:48 AM,M,21,146.92,-36.07,"$42,670.92","$1,560.20"
2901672282,26/10/2018,6:28 PM,M,22,255,-573,"$14,864.23","$3,328.77"
3317636250,26/10/2018,6:14 PM,M,35,153.02,-27.66,"$21,121.09","$2,544.76"
966140392,26/10/2018,9:50 PM,M,21,147.08,-37.97,"$12,344.34","$2,572.91"
4065652575,29/10/2018,3:36 PM,M,21,115.81,-31.82,"$18,516.40","$3,578.65"
3233697971,29/10/2018,9:21 AM,F,34,151.04,-33.77,"$15,532.46","$1,711.39"
1037050564,29/10/2018,2:09 AM,F,40,153.1,-27.66,"$6,065.02",$892.09
240804743,29/10/2018,7:12 AM,M,29,121.48,-30.75,"$24,929.99","$4,405.30"
3879258709,29/10/2018,12:57 AM,F,40,143.83,-37.66,"$208,926.10","$4,216.04"
1438600314,29/10/2018,10:48 PM,F,35,138.69,-34.84,"$6,738.35",$862.95
2650850707,29/10/2018,6:14 AM,M,42,148.16,-23.52,"$120,372.61","$3,231.26"
1496451953,29/10/2018,12:14 AM,M,43,145.16,-37.84,"$24,818.11","$2,588.01"
2173390920,29/10/2018,5:31 AM,M,27,144.71,-37.58,"$13,661.75","$1,396.23"
2615038700,29/10/2018,10:19 AM,F,43,145.35,-38.03,"$34,572.50",$664.43
4258502723,29/10/2018,8:09 PM,F,24,145.45,-37.74,"$5,517.05","$1,059.84"
2249586092,29/10/2018,1:12 PM,M,19,115.98,-32.07,"$13,070.01",$990.55
602667573,29/10/2018,8:38 AM,M,40,151.23,-33.96,"$23,964.97","$2,280.36"
3021093232,29/10/2018,5:16 PM,F,30,149.83,-29.47,"$14,090.30","$1,636.72"
854938045,29/10/2018,4:19 PM,M,28,147.63,-22.84,"$16,007.11","$2,538.68"
1710017148,29/10/2018,11:02 AM,F,19,150.82,-34.01,"$20,812.96","$3,977.46"
37709441,30/10/2018,5:31 AM,M,18,153.41,-28.01,"$23,990.99","$4,132.23"
2231965366,30/10/2018,5:45 AM,F,35,144.96,-37.84,"$27,160.77","$2,443.24"
1443681913,30/10/2018,5:45 AM,M,31,150.92,-33.77,"$5,881.68",$996.24
2305712452,30/10/2018,7:55 AM,F,18,138.61,-34.89,"$7,515.44",$761.33
1990648130,30/10/2018,1:40 AM,F,21,114.62,-28.8,"$9,872.11","$1,037.07"
2828321672,30/10/2018,11:16 AM,F,53,153.03,-27.51,"$9,310.03",$970.47
4281711154,30/10/2018,7:40 PM,M,42,144.98,-37.84,"$43,579.84","$1,757.82"
1222300524,30/10/2018,3:07 AM,M,38,151.23,-33.94,"$2,411.70","$1,002.13"
3771436525,30/10/2018,4:48 PM,M,20,145.04,-37.92,"$8,682.68","$1,099.70"
3954677887,30/10/2018,11:16 AM,F,47,115.72,-32.28,"$10,053.14","$1,272.47"
958000567,30/10/2018,2:38 PM,F,34,130.9,-12.37,"$12,941.10","$3,517.61"
2897221629,30/10/2018,5:02 PM,M,23,150.9,-34.37,"$9,274.13",$982.71
3084464802,31/10/2018,8:52 AM,F,19,145.15,-37.76,"$12,930.20","$2,485.37"
1650504218,31/10/2018,11:31 AM,F,23,145.01,-37.93,"$19,580.32","$1,626.48"
3326339947,31/10/2018,8:38 AM,M,22,151.18,-33.8,"$13,962.29",$983.36
1516130869,31/10/2018,3:07 PM,F,21,130.84,-12.45,"$4,970.10","$2,306.63"
2776252858,31/10/2018,12:57 AM,F,43,144.95,-37.76,"$8,859.42","$1,068.04"
1598451071,31/10/2018,4:04 PM,F,26,153.41,-27.95,"$2,281.79","$1,013.67"
1973887809,31/10/2018,9:50 PM,M,26,115.78,-31.9,"$9,378.51","$1,098.91"
819621312,31/10/2018,3:36 AM,F,30,145.04,-37.85,"$3,440.01","$1,158.15"
2920611728,31/10/2018,2:52 AM,M,69,144.96,-37.76,"$11,381.44","$1,043.12"
1799207998,31/10/2018,11:45 AM,F,20,150.68,-33.79,"$11,454.52","$1,395.49"
2171593283,31/10/2018,6:14 PM,M,19,146.94,-36.04,"$19,893.45","$2,639.76"
